–ó–∞–ø—É—Å–∫ —Å–∫—Ä–∏–ø—Ç–∞, LOADED,07:12:22 15:22:04
–ó–∞–ø—É—Å–∫ —Å–∫—Ä–∏–ø—Ç–∞, LOADED,15:12:22 13:50:42
–ó–∞–ø—É—Å–∫ —Å–∫—Ä–∏–ø—Ç–∞, LOADED,15:12:22 13:52:13
–ó–∞–ø—É—Å–∫ —Å–∫—Ä–∏–ø—Ç–∞, LOADED,15:12:22 13:53:06
–ó–∞–ø—É—Å–∫–∞—î–º–æ –ø–µ—Ä–µ–≤—ñ—Ä–∫—É UP_SITE ,(1 —Ä–∞–∑ –Ω–∞ 1.0 —Ö–≤),  15.12.22 13:54:10
–ó–∞–ø—É—Å–∫ —Å–∫—Ä–∏–ø—Ç–∞, LOADED,15:12:22 13:57:02
–ó–∞–ø—É—Å–∫–∞—î–º–æ –ø–µ—Ä–µ–≤—ñ—Ä–∫—É UP_SITE ,(1 —Ä–∞–∑ –Ω–∞ 1.0 —Ö–≤),  15.12.22 13:57:11
91.142.175.11:53,ALERT: DOWN üõë Down since:  15.12.22 14:01:20   ,  15.12.22 14:01:20
91.142.175.21:587,ALERT: DOWN üõë Down since:  15.12.22 14:01:41   ,  15.12.22 14:01:41
localhost:8000,ALERT: DOWN üõë OSError. Down since: 15.12.22 14:01:46   ,  15.12.22 14:01:47
localhost:8000,RECOVERY: üü¢ –ë—É–≤ –≤–∏–º–∫–Ω–µ–Ω–∏–π –ø—Ä–æ—Ç—è–≥–æ–º: 0 –¥–Ω. 0 –≥–æ–¥. 7 —Ö–≤ 42 —Å–µ–∫.,  15.12.22 14:09:29
–ó–∞–ø—É—Å–∫ —Å–∫—Ä–∏–ø—Ç–∞, LOADED,15:12:22 14:11:40
–ó–∞–ø—É—Å–∫–∞—î–º–æ –ø–µ—Ä–µ–≤—ñ—Ä–∫—É UP_SITE ,(1 —Ä–∞–∑ –Ω–∞ 1.0 —Ö–≤),  15.12.22 14:11:54
–ó–∞–ø—É—Å–∫ —Å–∫—Ä–∏–ø—Ç–∞, LOADED,15:12:22 14:15:20
–ó–∞–ø—É—Å–∫–∞—î–º–æ –ø–µ—Ä–µ–≤—ñ—Ä–∫—É UP_SITE ,(1 —Ä–∞–∑ –Ω–∞ 1.0 —Ö–≤),  15.12.22 14:15:25
–ó–∞–ø—É—Å–∫ —Å–∫—Ä–∏–ø—Ç–∞, LOADED,15:12:22 14:16:48
–ó–∞–ø—É—Å–∫–∞—î–º–æ –ø–µ—Ä–µ–≤—ñ—Ä–∫—É UP_SITE ,(1 —Ä–∞–∑ –Ω–∞ 1.0 —Ö–≤),  15.12.22 14:16:58
91.142.175.11:53,ALERT: DOWN üõë Down since:  15.12.22 14:21:06   ,  15.12.22 14:21:07
91.142.175.21:587,ALERT: DOWN üõë Down since:  15.12.22 14:21:28   ,  15.12.22 14:21:28
localhost:8000,ALERT: DOWN üõë OSError. Down since: 15.12.22 14:21:33   ,  15.12.22 14:21:33
localhost:8000,RECOVERY: üü¢ –ë—É–≤ –≤–∏–º–∫–Ω–µ–Ω–∏–π –ø—Ä–æ—Ç—è–≥–æ–º: 0 –¥–Ω. 0 –≥–æ–¥. 3 —Ö–≤ 42 —Å–µ–∫.,  15.12.22 14:25:15
localhost:8000,ALERT: DOWN üõë OSError. Down since: 15.12.22 14:28:58   ,  15.12.22 14:28:58
localhost:8000,RECOVERY: üü¢ –ë—É–≤ –≤–∏–º–∫–Ω–µ–Ω–∏–π –ø—Ä–æ—Ç—è–≥–æ–º: 0 –¥–Ω. 0 –≥–æ–¥. 3 —Ö–≤ 41 —Å–µ–∫.,  15.12.22 14:32:40
–ó–∞–ø—É—Å–∫ —Å–∫—Ä–∏–ø—Ç–∞, LOADED,15:12:22 14:32:51
